<?xml version="1.0" encoding="UTF-8" standalone="yes"?>
<click-app charset="UTF-8" locale="ja">

  <pages package="org.seasar.s2click.example.page" automapping="true">
</pages>
 
  <headers>
    <header name="Pragma" value="no-cache"/>
    <header name="Cache-Control" value="no-store, no-cache, must-revalidate, post-check=0, pre-check=0"/>
    <header name="Expires" value="1" type="Date"/>
  </headers>
  
  <mode value="debug" logto="console"/>
   <controls>
    <control classname="org.seasar.s2click.control.TextFieldSelect"/>
  <control classname="org.seasar.s2click.control.ImageDataSetParent"></control></controls> 
</click-app>