<?xml version="1.0"?>
<!DOCTYPE Configure PUBLIC "-//Mort Bay Consulting//DTD Configure//EN" "http://jetty.mortbay.org/configure.dtd">

<!-- =============================================================== -->
<!-- Configure the Jetty Server                                      -->
<!-- =============================================================== -->
<Configure id="Server" class="org.mortbay.jetty.Server">

    <Call name="addConnector">
      <Arg>
          <New class="org.mortbay.jetty.nio.SelectChannelConnector">
            <Set name="port"><SystemProperty name="jetty.port" default="8080"/></Set>
            <Set name="maxIdleTime">30000</Set>
            <Set name="Acceptors">2</Set>
            <Set name="confidentialPort">8443</Set>
          </New>
      </Arg>
    </Call>
        
    <Set name="handler">
      <New id="handlers" class="org.mortbay.jetty.handler.HandlerCollection">
        <Set name="handlers">
         <Array type="org.mortbay.jetty.Handler">
           <Item>
             <New id="contexts" class="org.mortbay.jetty.handler.ContextHandlerCollection"/>
           </Item>
           <Item>
             <New id="defaultHandler" class="org.mortbay.jetty.handler.DefaultHandler"/>
           </Item>
           <Item>
             <New id="requestLog" class="org.mortbay.jetty.handler.RequestLogHandler"/>
           </Item>
         </Array>
        </Set>
      </New>
    </Set>
    
    <!-- ======================================================= -->
    <!-- Configure a WebApp                                      -->
    <!-- ======================================================= -->
    <New id="TestContext" class="org.mortbay.jetty.webapp.WebAppContext">
      <Arg><Ref id="contexts"/></Arg>
      <Arg>.\WebContent</Arg>
      <Arg>/</Arg>
    </New>

    <!-- =========================================================== -->
    <!-- extra options                                               -->
    <!-- =========================================================== -->
    <Set name="stopAtShutdown">true</Set>
    <!-- ensure/prevent Server: header being sent to browsers        -->
    <Set name="sendServerVersion">true</Set>

</Configure>
