<?xml version="1.0"?>
<!DOCTYPE database SYSTEM "http://db.apache.org/torque/dtd/database_3_1.dtd">
<!-- Autogenerated by JDBCToXMLSchema! -->
<database name="">
    <table name="dept">
        <column autoIncrement="true"
            default="nextval('dept_id_seq'::regclass)" name="id"
            primaryKey="true" required="true" type="INTEGER"/>
        <column name="deptno" required="true" type="INTEGER"/>
        <column name="deptname" required="true" size="30" type="VARCHAR"/>
        <column name="loc" required="true" size="40" type="VARCHAR"/>
        <column default="0" name="versionno" required="true" type="INTEGER"/>
        <unique name="dept_unique1">
            <unique-column name="deptno" position="1"/>
        </unique>
    </table>
    <table name="employee">
        <column autoIncrement="true"
            default="nextval('employee_id_seq'::regclass)" name="id"
            primaryKey="true" required="true" type="INTEGER"/>
        <column name="empno" required="true" type="INTEGER"/>
        <column name="empname" required="true" size="40" type="VARCHAR"/>
        <column name="job" required="true" size="40" type="VARCHAR"/>
        <column name="manager" type="INTEGER"/>
        <column name="hiredate" required="true" type="DATE"/>
        <column name="salary" type="INTEGER"/>
        <column name="deptid" type="INTEGER"/>
        <column default="0" name="versionno" required="true" type="INTEGER"/>
        <foreign-key foreignTable="dept">
            <reference foreign="id" local="deptid"/>
        </foreign-key>
        <foreign-key foreignTable="employee">
            <reference foreign="id" local="manager"/>
        </foreign-key>
        <unique name="employee_empno">
            <unique-column name="empno" position="1"/>
        </unique>
    </table>
</database>
